{
  "project_info": {
    "project_number": "696676778401",
    "project_id": "flutter-otp-auth-15db4",
    "storage_bucket": "flutter-otp-auth-15db4.appspot.com"
  },
  "client": [
    {
      "client_info": {
        "mobilesdk_app_id": "1:696676778401:android:fc803e54150de4ad338be0",
        "android_client_info": {
          "package_name": "com.example.otp_auth"
        }
      },
      "oauth_client": [
        {
          "client_id": "696676778401-cdq2bm0n9f0clp6k3lcafh2jim689ddh.apps.googleusercontent.com",
          "client_type": 3
        }
      ],
      "api_key": [
        {
          "current_key": "AIzaSyDbPvX8sN3NBsIPGVtKBosZBqFEU-ivQJM"
        }
      ],
      "services": {
        "appinvite_service": {
          "other_platform_oauth_client": [
            {
              "client_id": "696676778401-cdq2bm0n9f0clp6k3lcafh2jim689ddh.apps.googleusercontent.com",
              "client_type": 3
            }
          ]
        }
      }
    }
  ],
  "configuration_version": "1"
}